table,row_locator,current_action,current_ownership,proposed_resolution,confidence,firm1_markers,firm2_markers,parent_owners,parent_evidence,schema_evidence,row_snapshot
decision_rules,"{""rule_id"": ""RULE-001""}",QUARANTINE_GLOBAL_POLICY_REVIEW,GLOBAL_REVIEW,COPY_TO_BOTH_REFERENCE_CANDIDATE,MEDIUM,,,,,suggested_trust_type,"{""asset_type"": ""general_assets"", ""considerations"": ""Revocable structures are often explored where flexibility and ongoing control are priorities."", ""control_level"": ""high_control"", ""created_at"": ""2026-04-12 22:47:02"", ""goal"": ""estate_planning"", ""rule_id"": ""RULE-001"", ""suggested_forms"": ""Form 1040;Form 1041"", ""suggested_trust_type"": ""revocable""}"
decision_rules,"{""rule_id"": ""RULE-002""}",QUARANTINE_GLOBAL_POLICY_REVIEW,GLOBAL_REVIEW,COPY_TO_BOTH_REFERENCE_CANDIDATE,MEDIUM,,,,,suggested_trust_type,"{""asset_type"": ""real_estate"", ""considerations"": ""Irrevocable structures are often explored where stronger separation and reduced unilateral control are part of the objective."", ""control_level"": ""reduced_personal_control"", ""created_at"": ""2026-04-12 22:47:02"", ""goal"": ""asset_protection"", ""rule_id"": ""RULE-002"", ""suggested_forms"": ""Form 1041;Form 56"", ""suggested_trust_type"": ""irrevocable""}"
decision_rules,"{""rule_id"": ""RULE-003""}",QUARANTINE_GLOBAL_POLICY_REVIEW,GLOBAL_REVIEW,COPY_TO_BOTH_REFERENCE_CANDIDATE,MEDIUM,,,,,suggested_trust_type,"{""asset_type"": ""real_estate"", ""considerations"": ""Land trust discussions often arise where title holding and real property management structure are central."", ""control_level"": ""management_focus"", ""created_at"": ""2026-04-12 22:47:02"", ""goal"": ""real_property_holding"", ""rule_id"": ""RULE-003"", ""suggested_forms"": ""Form 1041"", ""suggested_trust_type"": ""land""}"
decision_rules,"{""rule_id"": ""RULE-004""}",QUARANTINE_GLOBAL_POLICY_REVIEW,GLOBAL_REVIEW,COPY_TO_BOTH_REFERENCE_CANDIDATE,MEDIUM,,,,,suggested_trust_type,"{""asset_type"": ""insurance_policy"", ""considerations"": ""Insurance trust structures are often discussed where policy ownership and insurance-related planning objectives are involved."", ""control_level"": ""reduced_personal_control"", ""created_at"": ""2026-04-12 22:47:02"", ""goal"": ""insurance_planning"", ""rule_id"": ""RULE-004"", ""suggested_forms"": ""Form 1041"", ""suggested_trust_type"": ""insurance""}"
decision_rules,"{""rule_id"": ""RULE-005""}",QUARANTINE_GLOBAL_POLICY_REVIEW,GLOBAL_REVIEW,COPY_TO_BOTH_REFERENCE_CANDIDATE,MEDIUM,,,,,suggested_trust_type,"{""asset_type"": ""mixed_assets"", ""considerations"": ""Complex trust discussions often require careful review of distributions, retained activity, and reporting implications."", ""control_level"": ""structured_control"", ""created_at"": ""2026-04-12 22:47:02"", ""goal"": ""tax_planning"", ""rule_id"": ""RULE-005"", ""suggested_forms"": ""Form 1041;Form 1041-X;Form 8841"", ""suggested_trust_type"": ""complex""}"
discussion_messages,"{""message_id"": ""MSG-001""}",QUARANTINE_OWNERSHIP_REVIEW,UNRESOLVED_TENANT,QUARANTINE_TENANT_ADJUDICATION_REQUIRED,LOW,,,,,thread_id | owner_id,"{""author"": ""admin"", ""body"": ""Use this thread to compare control, flexibility, and reporting implications before final structure selection."", ""created_at"": ""2026-04-12 22:44:16"", ""message_id"": ""MSG-001"", ""owner_id"": ""ADMIN_OWNER_001"", ""parent_message_id"": """", ""thread_id"": ""THREAD-001""}"
discussion_messages,"{""message_id"": ""MSG-002""}",QUARANTINE_OWNERSHIP_REVIEW,UNRESOLVED_TENANT,QUARANTINE_TENANT_ADJUDICATION_REQUIRED,LOW,,,,,thread_id | owner_id,"{""author"": ""admin"", ""body"": ""Use this thread to organize which filing guides and reports need to be reviewed first."", ""created_at"": ""2026-04-12 22:44:16"", ""message_id"": ""MSG-002"", ""owner_id"": ""ADMIN_OWNER_001"", ""parent_message_id"": """", ""thread_id"": ""THREAD-002""}"
discussion_messages,"{""message_id"": ""MSG-010""}",QUARANTINE_OWNERSHIP_REVIEW,UNRESOLVED_TENANT,QUARANTINE_TENANT_ADJUDICATION_REQUIRED,LOW,,,,,thread_id | owner_id,"{""author"": ""admin"", ""body"": ""Use this thread to separate property-holding questions from reporting questions before moving into execution tasks."", ""created_at"": ""2026-04-13 02:11:23"", ""message_id"": ""MSG-010"", ""owner_id"": ""ADMIN_OWNER_001"", ""parent_message_id"": """", ""thread_id"": ""THREAD-010""}"
discussion_messages,"{""message_id"": ""MSG-011""}",QUARANTINE_OWNERSHIP_REVIEW,UNRESOLVED_TENANT,QUARANTINE_TENANT_ADJUDICATION_REQUIRED,LOW,,,,,thread_id | owner_id,"{""author"": ""admin"", ""body"": ""Use this thread to outline role and authority questions tied to insurance-oriented planning."", ""created_at"": ""2026-04-13 02:11:23"", ""message_id"": ""MSG-011"", ""owner_id"": ""ADMIN_OWNER_001"", ""parent_message_id"": """", ""thread_id"": ""THREAD-011""}"
discussion_messages,"{""message_id"": ""MSG-012""}",QUARANTINE_OWNERSHIP_REVIEW,UNRESOLVED_TENANT,QUARANTINE_TENANT_ADJUDICATION_REQUIRED,LOW,,,,,thread_id | owner_id,"{""author"": ""admin"", ""body"": ""Use this thread to decide which guides, reports, and generated drafts belong in the filing sequence."", ""created_at"": ""2026-04-13 02:11:23"", ""message_id"": ""MSG-012"", ""owner_id"": ""ADMIN_OWNER_001"", ""parent_message_id"": """", ""thread_id"": ""THREAD-012""}"
discussion_threads,"{""thread_id"": ""THREAD-001""}",QUARANTINE_OWNERSHIP_REVIEW,UNRESOLVED_TENANT,QUARANTINE_TENANT_ADJUDICATION_REQUIRED,LOW,,,,,thread_id | workspace_id | related_trust_type | owner_id,"{""category"": ""trust_type_questions"", ""created_at"": ""2026-04-12 22:44:16"", ""created_by"": ""admin"", ""owner_id"": ""ADMIN_OWNER_001"", ""related_form"": ""Form 1041"", ""related_trust_type"": ""revocable"", ""status"": ""open"", ""thread_id"": ""THREAD-001"", ""title"": ""Revocable vs Irrevocable design questions"", ""updated_at"": ""2026-04-12 22:44:16"", ""workspace_id"": ""WS-001""}"
discussion_threads,"{""thread_id"": ""THREAD-002""}",QUARANTINE_OWNERSHIP_REVIEW,UNRESOLVED_TENANT,QUARANTINE_TENANT_ADJUDICATION_REQUIRED,LOW,,,,,thread_id | workspace_id | related_trust_type | owner_id,"{""category"": ""tax_forms_questions"", ""created_at"": ""2026-04-12 22:44:16"", ""created_by"": ""admin"", ""owner_id"": ""ADMIN_OWNER_001"", ""related_form"": ""Form 1041"", ""related_trust_type"": ""other"", ""status"": ""open"", ""thread_id"": ""THREAD-002"", ""title"": ""Which filings matter first for fiduciary planning?"", ""updated_at"": ""2026-04-12 22:44:16"", ""workspace_id"": ""WS-002""}"
discussion_threads,"{""thread_id"": ""THREAD-010""}",QUARANTINE_OWNERSHIP_REVIEW,UNRESOLVED_TENANT,QUARANTINE_TENANT_ADJUDICATION_REQUIRED,LOW,,,,,thread_id | workspace_id | related_trust_type | owner_id,"{""category"": ""asset_structuring_questions"", ""created_at"": ""2026-04-13 02:11:23"", ""created_by"": ""admin"", ""owner_id"": ""ADMIN_OWNER_001"", ""related_form"": ""Form 1041"", ""related_trust_type"": ""land"", ""status"": ""open"", ""thread_id"": ""THREAD-010"", ""title"": ""How should land-holding questions be organized before formal drafting?"", ""updated_at"": ""2026-04-13 02:11:23"", ""workspace_id"": ""WS-010""}"
discussion_threads,"{""thread_id"": ""THREAD-011""}",QUARANTINE_OWNERSHIP_REVIEW,UNRESOLVED_TENANT,QUARANTINE_TENANT_ADJUDICATION_REQUIRED,LOW,,,,,thread_id | workspace_id | related_trust_type | owner_id,"{""category"": ""fiduciary_process_questions"", ""created_at"": ""2026-04-13 02:11:23"", ""created_by"": ""admin"", ""owner_id"": ""ADMIN_OWNER_001"", ""related_form"": ""Form 56"", ""related_trust_type"": ""insurance"", ""status"": ""open"", ""thread_id"": ""THREAD-011"", ""title"": ""What fiduciary questions arise in insurance planning structure?"", ""updated_at"": ""2026-04-13 02:11:23"", ""workspace_id"": ""WS-011""}"
discussion_threads,"{""thread_id"": ""THREAD-012""}",QUARANTINE_OWNERSHIP_REVIEW,UNRESOLVED_TENANT,QUARANTINE_TENANT_ADJUDICATION_REQUIRED,LOW,,,,,thread_id | workspace_id | related_trust_type | owner_id,"{""category"": ""tax_forms_questions"", ""created_at"": ""2026-04-13 02:11:23"", ""created_by"": ""admin"", ""owner_id"": ""ADMIN_OWNER_001"", ""related_form"": ""Form 1041"", ""related_trust_type"": ""complex"", ""status"": ""open"", ""thread_id"": ""THREAD-012"", ""title"": ""Which reports should be reviewed first in a filing-focused workspace?"", ""updated_at"": ""2026-04-13 02:11:23"", ""workspace_id"": ""WS-012""}"
document_templates,"{""template_id"": ""TPL-001""}",QUARANTINE_GLOBAL_POLICY_REVIEW,GLOBAL_REVIEW,COPY_TO_BOTH_REFERENCE_CANDIDATE,MEDIUM,,,,,trust_type,"{""category"": ""planning"", ""created_at"": ""2026-04-12 22:54:56"", ""description"": ""Internal planning memo for comparing trust structure options before formal drafting."", ""name"": ""Trust Planning Memo"", ""status"": ""active"", ""template_body"": ""TRUST PLANNING MEMO\\n\\nTitle: {{title}}\\n\\nPurpose:\\n{{purpose}}\\n\\nTrust Type Focus:\\n{{trust_type_focus}}\\n\\nNotes:\\n{{notes}}"", ""template_id"": ""TPL-001"", ""trust_type"": ""other"", ""updated_at"": ""2026-04-12 22:54:56""}"
document_templates,"{""template_id"": ""TPL-002""}",QUARANTINE_GLOBAL_POLICY_REVIEW,GLOBAL_REVIEW,COPY_TO_BOTH_REFERENCE_CANDIDATE,MEDIUM,,,,,trust_type,"{""category"": ""fiduciary"", ""created_at"": ""2026-04-12 22:54:56"", ""description"": ""Starter draft for acknowledging trustee role and authority scope."", ""name"": ""Trustee Acceptance Draft"", ""status"": ""active"", ""template_body"": ""TRUSTEE ACCEPTANCE DRAFT\\n\\nTrust Name: {{trust_name}}\\nTrustee: {{trustee_name}}\\n\\nAuthority Scope:\\n{{authority_scope}}\\n\\nNotes:\\n{{notes}}"", ""template_id"": ""TPL-002"", ""trust_type"": ""other"", ""updated_at"": ""2026-04-12 22:54:56""}"
document_templates,"{""template_id"": ""TPL-003""}",QUARANTINE_GLOBAL_POLICY_REVIEW,GLOBAL_REVIEW,COPY_TO_BOTH_REFERENCE_CANDIDATE,MEDIUM,,,,,trust_type,"{""category"": ""filing"", ""created_at"": ""2026-04-12 22:54:56"", ""description"": ""Starter internal checklist for identifying forms, reports, and supporting items."", ""name"": ""Filing Checklist Draft"", ""status"": ""active"", ""template_body"": ""FILING CHECKLIST DRAFT\\n\\nTitle: {{title}}\\n\\nRelated Forms:\\n{{related_forms}}\\n\\nRelated Reports:\\n{{related_reports}}\\n\\nOpen Questions:\\n{{notes}}"", ""template_id"": ""TPL-003"", ""trust_type"": ""other"", ""updated_at"": ""2026-04-12 22:54:56""}"
intake_module_ledger,"{""id"": 1}",QUARANTINE_OWNERSHIP_REVIEW,UNRESOLVED_TENANT,QUARANTINE_TENANT_ADJUDICATION_REQUIRED,LOW,,,,,,"{""description"": ""Classifies the user into the correct intake lane."", ""id"": 1, ""locked_at"": ""2026-05-21T12:13:33"", ""module_code"": ""INT-1A"", ""module_name"": ""Intake Lane Map"", ""notes"": ""Seeded from confirmed INT-1 build sequence."", ""status"": ""locked"", ""status_label"": ""Locked"", ""updated_at"": ""2026-05-21T12:14:06"", ""updated_by"": ""admin123""}"
intake_module_ledger,"{""id"": 2}",QUARANTINE_OWNERSHIP_REVIEW,UNRESOLVED_TENANT,QUARANTINE_TENANT_ADJUDICATION_REQUIRED,LOW,,,,,,"{""description"": ""Translates plain-language answers into categories, modules, document requests, and risk flags."", ""id"": 2, ""locked_at"": ""2026-05-21T12:13:33"", ""module_code"": ""INT-1B"", ""module_name"": ""Intake Translation Map"", ""notes"": ""Seeded from confirmed INT-1 build sequence."", ""status"": ""locked"", ""status_label"": ""Locked"", ""updated_at"": ""2026-05-21T12:14:06"", ""updated_by"": ""admin123""}"
intake_module_ledger,"{""id"": 3}",QUARANTINE_OWNERSHIP_REVIEW,UNRESOLVED_TENANT,QUARANTINE_TENANT_ADJUDICATION_REQUIRED,LOW,,,,,,"{""description"": ""Scores complexity, urgency, and readiness."", ""id"": 3, ""locked_at"": ""2026-05-21T12:13:33"", ""module_code"": ""INT-1C"", ""module_name"": ""Intake Scoring Engine"", ""notes"": ""Seeded from confirmed INT-1 build sequence."", ""status"": ""locked"", ""status_label"": ""Locked"", ""updated_at"": ""2026-05-21T12:14:06"", ""updated_by"": ""admin123""}"
intake_module_ledger,"{""id"": 4}",QUARANTINE_OWNERSHIP_REVIEW,UNRESOLVED_TENANT,QUARANTINE_TENANT_ADJUDICATION_REQUIRED,LOW,,,,,,"{""description"": ""Creates calm client-facing intake snapshot."", ""id"": 4, ""locked_at"": ""2026-05-21T12:13:33"", ""module_code"": ""INT-1D"", ""module_name"": ""Client-Facing Fiduciary Snapshot"", ""notes"": ""Seeded from confirmed INT-1 build sequence."", ""status"": ""locked"", ""status_label"": ""Locked"", ""updated_at"": ""2026-05-21T12:14:06"", ""updated_by"": ""admin123""}"
intake_module_ledger,"{""id"": 5}",QUARANTINE_OWNERSHIP_REVIEW,UNRESOLVED_TENANT,QUARANTINE_TENANT_ADJUDICATION_REQUIRED,LOW,,,,,,"{""description"": ""Stores and lists intake records."", ""id"": 5, ""locked_at"": ""2026-05-21T12:13:33"", ""module_code"": ""INT-1E"", ""module_name"": ""Save Snapshot + Intake Dashboard List"", ""notes"": ""Seeded from confirmed INT-1 build sequence."", ""status"": ""locked"", ""status_label"": ""Locked"", ""updated_at"": ""2026-05-21T12:14:06"", ""updated_by"": ""admin123""}"
intake_module_ledger,"{""id"": 6}",QUARANTINE_OWNERSHIP_REVIEW,UNRESOLVED_TENANT,QUARANTINE_TENANT_ADJUDICATION_REQUIRED,LOW,,,,,,"{""description"": ""Separates completed and incomplete intakes."", ""id"": 6, ""locked_at"": ""2026-05-21T12:13:33"", ""module_code"": ""INT-1F"", ""module_name"": ""Resume + Completion Status Controls"", ""notes"": ""Seeded from confirmed INT-1 build sequence."", ""status"": ""locked"", ""status_label"": ""Locked"", ""updated_at"": ""2026-05-21T12:14:06"", ""updated_by"": ""admin123""}"
intake_module_ledger,"{""id"": 7}",QUARANTINE_OWNERSHIP_REVIEW,UNRESOLVED_TENANT,QUARANTINE_TENANT_ADJUDICATION_REQUIRED,LOW,,,,,,"{""description"": ""Adds dashboard filters, print view, and export-prep screen."", ""id"": 7, ""locked_at"": ""2026-05-21T12:13:33"", ""module_code"": ""INT-1G"", ""module_name"": ""Dashboard Polish + Print/Export Prep"", ""notes"": ""Seeded from confirmed INT-1 build sequence."", ""status"": ""locked"", ""status_label"": ""Locked"", ""updated_at"": ""2026-05-21T12:14:06"", ""updated_by"": ""admin123""}"
intake_module_ledger,"{""id"": 8}",QUARANTINE_OWNERSHIP_REVIEW,UNRESOLVED_TENANT,QUARANTINE_TENANT_ADJUDICATION_REQUIRED,LOW,,,,,,"{""description"": ""Adds internal staff/fiduciary notes."", ""id"": 8, ""locked_at"": ""2026-05-21T12:13:33"", ""module_code"": ""INT-1H"", ""module_name"": ""Internal Review Notes"", ""notes"": ""Seeded from confirmed INT-1 build sequence."", ""status"": ""locked"", ""status_label"": ""Locked"", ""updated_at"": ""2026-05-21T12:14:06"", ""updated_by"": ""admin123""}"
intake_module_ledger,"{""id"": 9}",QUARANTINE_OWNERSHIP_REVIEW,UNRESOLVED_TENANT,QUARANTINE_TENANT_ADJUDICATION_REQUIRED,LOW,,,,,,"{""description"": ""Creates structured follow-up tasks from intake outputs."", ""id"": 9, ""locked_at"": ""2026-05-21T12:13:33"", ""module_code"": ""INT-1I"", ""module_name"": ""Follow-Up Task Builder"", ""notes"": ""Seeded from confirmed INT-1 build sequence."", ""status"": ""locked"", ""status_label"": ""Locked"", ""updated_at"": ""2026-05-21T12:14:06"", ""updated_by"": ""admin123""}"
intake_module_ledger,"{""id"": 10}",QUARANTINE_OWNERSHIP_REVIEW,UNRESOLVED_TENANT,QUARANTINE_TENANT_ADJUDICATION_REQUIRED,LOW,,,,,,"{""description"": ""Groups and summarizes follow-up tasks."", ""id"": 10, ""locked_at"": ""2026-05-21T12:13:34"", ""module_code"": ""INT-1J"", ""module_name"": ""Task Filters + Workflow Polish"", ""notes"": ""Seeded from confirmed INT-1 build sequence."", ""status"": ""locked"", ""status_label"": ""Locked"", ""updated_at"": ""2026-05-21T12:14:06"", ""updated_by"": ""admin123""}"
intake_module_ledger,"{""id"": 11}",QUARANTINE_OWNERSHIP_REVIEW,UNRESOLVED_TENANT,QUARANTINE_TENANT_ADJUDICATION_REQUIRED,LOW,,,,,,"{""description"": ""Compiles packet-prep printable checklist view."", ""id"": 11, ""locked_at"": ""2026-05-21T12:13:34"", ""module_code"": ""INT-1K"", ""module_name"": ""Follow-Up Packet / Checklist Export Prep"", ""notes"": ""Seeded from confirmed INT-1 build sequence."", ""status"": ""locked"", ""status_label"": ""Locked"", ""updated_at"": ""2026-05-21T12:14:06"", ""updated_by"": ""admin123""}"
intake_module_ledger,"{""id"": 12}",QUARANTINE_OWNERSHIP_REVIEW,UNRESOLVED_TENANT,QUARANTINE_TENANT_ADJUDICATION_REQUIRED,LOW,,,,,,"{""description"": ""Generates downloadable DOCX follow-up packet."", ""id"": 12, ""locked_at"": ""2026-05-21T12:13:34"", ""module_code"": ""INT-1L-DOCX"", ""module_name"": ""Follow-Up Packet DOCX Export"", ""notes"": ""Seeded from confirmed INT-1 build sequence."", ""status"": ""locked"", ""status_label"": ""Locked"", ""updated_at"": ""2026-05-21T12:14:06"", ""updated_by"": ""admin123""}"
intake_module_ledger,"{""id"": 13}",QUARANTINE_OWNERSHIP_REVIEW,UNRESOLVED_TENANT,QUARANTINE_TENANT_ADJUDICATION_REQUIRED,LOW,,,,,,"{""description"": ""Automatic PDF export requires LibreOffice or Word/pywin32; browser print-to-PDF remains available."", ""id"": 13, ""locked_at"": null, ""module_code"": ""INT-1L-PDF"", ""module_name"": ""Follow-Up Packet PDF Export"", ""notes"": ""Seeded from confirmed INT-1 build sequence."", ""status"": ""fallback"", ""status_label"": ""Fallback / Limited"", ""updated_at"": ""2026-05-21T12:14:06"", ""updated_by"": ""admin123""}"
intake_module_ledger,"{""id"": 14}",QUARANTINE_OWNERSHIP_REVIEW,UNRESOLVED_TENANT,QUARANTINE_TENANT_ADJUDICATION_REQUIRED,LOW,,,,,,"{""description"": ""Ignores generated exports and logs export attempts."", ""id"": 14, ""locked_at"": ""2026-05-21T12:13:34"", ""module_code"": ""INT-1M"", ""module_name"": ""Export Gitignore + Audit Log"", ""notes"": ""Seeded from confirmed INT-1 build sequence."", ""status"": ""locked"", ""status_label"": ""Locked"", ""updated_at"": ""2026-05-21T12:14:06"", ""updated_by"": ""admin123""}"
intake_module_ledger,"{""id"": 15}",QUARANTINE_OWNERSHIP_REVIEW,UNRESOLVED_TENANT,QUARANTINE_TENANT_ADJUDICATION_REQUIRED,LOW,,,,,,"{""description"": ""Adds versioned export history."", ""id"": 15, ""locked_at"": ""2026-05-21T12:13:34"", ""module_code"": ""INT-1N"", ""module_name"": ""Export History Dashboard + Packet Versioning"", ""notes"": ""Seeded from confirmed INT-1 build sequence."", ""status"": ""locked"", ""status_label"": ""Locked"", ""updated_at"": ""2026-05-21T12:14:06"", ""updated_by"": ""admin123""}"
intake_module_ledger,"{""id"": 16}",QUARANTINE_OWNERSHIP_REVIEW,UNRESOLVED_TENANT,QUARANTINE_TENANT_ADJUDICATION_REQUIRED,LOW,,,,,,"{""description"": ""Adds local fallback for all-export dashboard scope."", ""id"": 16, ""locked_at"": ""2026-05-21T12:13:34"", ""module_code"": ""INT-1N-SCOPE"", ""module_name"": ""Export History Firm Scope Repair"", ""notes"": ""Seeded from confirmed INT-1 build sequence."", ""status"": ""locked"", ""status_label"": ""Locked"", ""updated_at"": ""2026-05-21T12:14:07"", ""updated_by"": ""admin123""}"
learning_articles,"{""article_id"": ""ART-LEARN-001""}",QUARANTINE_GLOBAL_POLICY_REVIEW,GLOBAL_REVIEW,COPY_TO_BOTH_REFERENCE_CANDIDATE,MEDIUM,,,,,trust_type,"{""article_id"": ""ART-LEARN-001"", ""body"": ""A trust is a legal relationship in which one party holds or manages property for the benefit of another according to defined terms. Common roles include settlor, trustee, and beneficiary."", ""category"": ""Foundations"", ""created_at"": ""2026-04-12 22:20:18"", ""difficulty_level"": ""Beginner"", ""related_forms"": ""Form 1041;Form 56"", ""related_reports"": ""Trust Summary PDF"", ""status"": ""published"", ""subcategory"": ""Basics"", ""summary"": ""Introductory overview of what a trust is, why it exists, and the major parties involved."", ""title"": ""What Is a Trust?"", ""trust_type"": ""other"", ""updated_at"": ""2026-04-12 22:20:18""}"
learning_articles,"{""article_id"": ""ART-LEARN-002""}",QUARANTINE_GLOBAL_POLICY_REVIEW,GLOBAL_REVIEW,COPY_TO_BOTH_REFERENCE_CANDIDATE,MEDIUM,,,,,trust_type,"{""article_id"": ""ART-LEARN-002"", ""body"": ""Trust administration depends on clearly defined roles. The settlor creates the trust, the trustee administers it, and the beneficiary receives benefit according to the trust terms."", ""category"": ""Foundations"", ""created_at"": ""2026-04-12 22:20:18"", ""difficulty_level"": ""Beginner"", ""related_forms"": ""Form 56;Form 2848"", ""related_reports"": ""Fiduciary Report PDF"", ""status"": ""published"", ""subcategory"": ""Roles"", ""summary"": ""Explains settlor, trustee, beneficiary, fiduciary, and related administrative roles."", ""title"": ""Roles in Trust Administration"", ""trust_type"": ""other"", ""updated_at"": ""2026-04-12 22:20:18""}"
learning_articles,"{""article_id"": ""ART-LEARN-003""}",QUARANTINE_GLOBAL_POLICY_REVIEW,GLOBAL_REVIEW,COPY_TO_BOTH_REFERENCE_CANDIDATE,MEDIUM,,,,,trust_type,"{""article_id"": ""ART-LEARN-003"", ""body"": ""Revocable trusts generally allow modification during life, while irrevocable trusts are generally structured for permanence and reduced unilateral change. Exact consequences depend on governing law and trust terms."", ""category"": ""Trust Types"", ""created_at"": ""2026-04-12 22:20:18"", ""difficulty_level"": ""Intermediate"", ""related_forms"": ""Form 1041;Form 1040"", ""related_reports"": ""Trust Summary PDF;1041 Report PDF"", ""status"": ""published"", ""subcategory"": ""Comparison"", ""summary"": ""Side-by-side conceptual comparison of revocable and irrevocable trusts."", ""title"": ""Revocable vs Irrevocable Trusts"", ""trust_type"": ""revocable"", ""updated_at"": ""2026-04-12 22:20:18""}"
learning_articles,"{""article_id"": ""ART-LEARN-010""}",QUARANTINE_GLOBAL_POLICY_REVIEW,GLOBAL_REVIEW,COPY_TO_BOTH_REFERENCE_CANDIDATE,MEDIUM,,,,,trust_type,"{""article_id"": ""ART-LEARN-010"", ""body"": ""Land trusts are commonly discussed where real property holding structure is central. They should be studied together with trustee roles, title handling, and reporting implications."", ""category"": ""Trust Types"", ""created_at"": ""2026-04-13 02:11:23"", ""difficulty_level"": ""Intermediate"", ""related_forms"": ""Form 1041"", ""related_reports"": ""Trust Summary PDF"", ""status"": ""published"", ""subcategory"": ""Land"", ""summary"": ""Introduces land trust structure in relation to title holding and property management planning."", ""title"": ""Land Trust Overview"", ""trust_type"": ""land"", ""updated_at"": ""2026-04-13 02:11:23""}"
learning_articles,"{""article_id"": ""ART-LEARN-011""}",QUARANTINE_GLOBAL_POLICY_REVIEW,GLOBAL_REVIEW,COPY_TO_BOTH_REFERENCE_CANDIDATE,MEDIUM,,,,,trust_type,"{""article_id"": ""ART-LEARN-011"", ""body"": ""Insurance trusts are often studied where policy ownership and insurance-related planning structure are central considerations."", ""category"": ""Trust Types"", ""created_at"": ""2026-04-13 02:11:23"", ""difficulty_level"": ""Intermediate"", ""related_forms"": ""Form 1041"", ""related_reports"": ""Trust Summary PDF"", ""status"": ""published"", ""subcategory"": ""Insurance"", ""summary"": ""Introduces insurance trust structure and policy ownership planning concepts."", ""title"": ""Insurance Trust Overview"", ""trust_type"": ""insurance"", ""updated_at"": ""2026-04-13 02:11:23""}"
learning_articles,"{""article_id"": ""ART-LEARN-012""}",QUARANTINE_GLOBAL_POLICY_REVIEW,GLOBAL_REVIEW,COPY_TO_BOTH_REFERENCE_CANDIDATE,MEDIUM,,,,,trust_type,"{""article_id"": ""ART-LEARN-012"", ""body"": ""Simple and complex trust discussions are often linked to distribution patterns, retained activity, and broader reporting implications."", ""category"": ""Trust Types"", ""created_at"": ""2026-04-13 02:11:23"", ""difficulty_level"": ""Intermediate"", ""related_forms"": ""Form 1041;Form 1041-X"", ""related_reports"": ""1041 Report PDF"", ""status"": ""published"", ""subcategory"": ""Comparison"", ""summary"": ""Compares the concepts commonly associated with simple and complex trust classifications."", ""title"": ""Simple vs Complex Trusts"", ""trust_type"": ""complex"", ""updated_at"": ""2026-04-13 02:11:23""}"
learning_articles,"{""article_id"": ""ART-LEARN-013""}",QUARANTINE_GLOBAL_POLICY_REVIEW,GLOBAL_REVIEW,COPY_TO_BOTH_REFERENCE_CANDIDATE,MEDIUM,,,,,trust_type,"{""article_id"": ""ART-LEARN-013"", ""body"": ""Fiduciary duties include recordkeeping, acting within granted authority, following the governing terms, and maintaining accountability across reports and decisions."", ""category"": ""Foundations"", ""created_at"": ""2026-04-13 02:11:23"", ""difficulty_level"": ""Beginner"", ""related_forms"": ""Form 56"", ""related_reports"": ""Fiduciary Report PDF"", ""status"": ""published"", ""subcategory"": ""Duties"", ""summary"": ""Practical overview of fiduciary administration duties inside a trust system."", ""title"": ""Fiduciary Duties in Practice"", ""trust_type"": ""other"", ""updated_at"": ""2026-04-13 02:11:23""}"
learning_articles,"{""article_id"": ""ART-TRUST-BASICS-001""}",QUARANTINE_GLOBAL_POLICY_REVIEW,GLOBAL_REVIEW,COPY_TO_BOTH_REFERENCE_CANDIDATE,MEDIUM,,,,,trust_type,"{""article_id"": ""ART-TRUST-BASICS-001"", ""body"": ""This article introduces trust identity, parties, property mapping, minutes, certificates, and packet review as separate workflow layers."", ""category"": ""Trust Administration"", ""created_at"": ""2026-05-01 18:05:20"", ""difficulty_level"": ""beginner"", ""related_forms"": ""Trust Minutes, Certificate Registry, Formation Preview Hub"", ""related_reports"": ""Report Center, System Health"", ""status"": ""published"", ""subcategory"": ""Foundations"", ""summary"": ""A starter guide explaining the basic records and workflow surfaces used in the Trustee App."", ""title"": ""Trust Administration Basics"", ""trust_type"": ""general"", ""updated_at"": ""2026-05-01 18:05:20""}"
learning_articles,"{""article_id"": ""ART-CERTIFICATES-001""}",QUARANTINE_GLOBAL_POLICY_REVIEW,GLOBAL_REVIEW,COPY_TO_BOTH_REFERENCE_CANDIDATE,MEDIUM,,,,,trust_type,"{""article_id"": ""ART-CERTIFICATES-001"", ""body"": ""Execution certificates summarize completed governance records and connect them to signer roles, packet exports, and audit trail entries."", ""category"": ""Governance Records"", ""created_at"": ""2026-05-01 18:05:20"", ""difficulty_level"": ""beginner"", ""related_forms"": ""Trust Minutes"", ""related_reports"": ""Certificate Registry, Audit Trail"", ""status"": ""published"", ""subcategory"": ""Certificates"", ""summary"": ""A starter guide for understanding executed minutes, certificate IDs, packet exports, and audit trail records."", ""title"": ""Execution Certificates and Audit Trails"", ""trust_type"": ""general"", ""updated_at"": ""2026-05-01 18:05:20""}"
tax_form_guides,"{""guide_id"": ""GUIDE-1041""}",QUARANTINE_GLOBAL_POLICY_REVIEW,GLOBAL_REVIEW,COPY_TO_BOTH_REFERENCE_CANDIDATE,MEDIUM,,,,,related_trust_types,"{""applies_to"": ""Trusts and estates"", ""body"": ""Form 1041 is generally used to report income, deductions, gains, losses, and distributions for trusts and estates. Whether it applies depends on structure and activity."", ""category"": ""trust_returns"", ""created_at"": ""2026-04-12 22:20:18"", ""form_name"": ""Form 1041"", ""guide_id"": ""GUIDE-1041"", ""related_trust_types"": ""simple;complex;irrevocable;revocable;foreign;other"", ""status"": ""published"", ""summary"": ""U.S. Income Tax Return for Estates and Trusts."", ""updated_at"": ""2026-04-12 22:20:18""}"
tax_form_guides,"{""guide_id"": ""GUIDE-1040""}",QUARANTINE_GLOBAL_POLICY_REVIEW,GLOBAL_REVIEW,COPY_TO_BOTH_REFERENCE_CANDIDATE,MEDIUM,,,,,related_trust_types,"{""applies_to"": ""Individuals"", ""body"": ""Form 1040 is the main individual income tax return. It may still matter in broader trust/estate planning discussions when individual and fiduciary matters intersect."", ""category"": ""individual_returns"", ""created_at"": ""2026-04-12 22:20:18"", ""form_name"": ""Form 1040"", ""guide_id"": ""GUIDE-1040"", ""related_trust_types"": ""other"", ""status"": ""published"", ""summary"": ""U.S. Individual Income Tax Return."", ""updated_at"": ""2026-04-12 22:20:18""}"
tax_form_guides,"{""guide_id"": ""GUIDE-1041X""}",QUARANTINE_GLOBAL_POLICY_REVIEW,GLOBAL_REVIEW,COPY_TO_BOTH_REFERENCE_CANDIDATE,MEDIUM,,,,,related_trust_types,"{""applies_to"": ""Trusts and estates"", ""body"": ""Use this guide page to track and explain amended return workflow for trust and estate filings where applicable."", ""category"": ""amended_returns"", ""created_at"": ""2026-04-12 22:20:18"", ""form_name"": ""Form 1041-X"", ""guide_id"": ""GUIDE-1041X"", ""related_trust_types"": ""simple;complex;irrevocable;revocable;other"", ""status"": ""published"", ""summary"": ""Amended return workflow for trust and estate returns."", ""updated_at"": ""2026-04-12 22:20:18""}"
tax_form_guides,"{""guide_id"": ""GUIDE-8841""}",QUARANTINE_GLOBAL_POLICY_REVIEW,GLOBAL_REVIEW,COPY_TO_BOTH_REFERENCE_CANDIDATE,MEDIUM,,,,,related_trust_types,"{""applies_to"": ""Individuals and fiduciary context"", ""body"": ""Form 8841 concerns prior year minimum tax credit issues. It should be treated as a supporting form guide and linked carefully to the relevant tax context."", ""category"": ""supporting_forms"", ""created_at"": ""2026-04-12 22:20:18"", ""form_name"": ""Form 8841"", ""guide_id"": ""GUIDE-8841"", ""related_trust_types"": ""other"", ""status"": ""published"", ""summary"": ""Credit for Prior Year Minimum Tax."", ""updated_at"": ""2026-04-12 22:20:18""}"
tax_form_guides,"{""guide_id"": ""GUIDE-56""}",QUARANTINE_GLOBAL_POLICY_REVIEW,GLOBAL_REVIEW,COPY_TO_BOTH_REFERENCE_CANDIDATE,MEDIUM,,,,,related_trust_types,"{""applies_to"": ""Fiduciaries"", ""body"": ""Form 56 is used in fiduciary relationship contexts and should be understood together with trust administration and authority notice workflow."", ""category"": ""authority_and_notice"", ""created_at"": ""2026-04-13 02:11:23"", ""form_name"": ""Form 56"", ""guide_id"": ""GUIDE-56"", ""related_trust_types"": ""other"", ""status"": ""published"", ""summary"": ""Notice concerning fiduciary relationship."", ""updated_at"": ""2026-04-13 02:11:23""}"
tax_form_guides,"{""guide_id"": ""GUIDE-2848""}",QUARANTINE_GLOBAL_POLICY_REVIEW,GLOBAL_REVIEW,COPY_TO_BOTH_REFERENCE_CANDIDATE,MEDIUM,,,,,related_trust_types,"{""applies_to"": ""Authorized representation"", ""body"": ""Form 2848 is often studied when understanding authority delegation and representative appointment issues."", ""category"": ""authority_and_notice"", ""created_at"": ""2026-04-13 02:11:23"", ""form_name"": ""Form 2848"", ""guide_id"": ""GUIDE-2848"", ""related_trust_types"": ""other"", ""status"": ""published"", ""summary"": ""Power of attorney and declaration of representative guide."", ""updated_at"": ""2026-04-13 02:11:23""}"
tax_form_guides,"{""guide_id"": ""GUIDE-8822B""}",QUARANTINE_GLOBAL_POLICY_REVIEW,GLOBAL_REVIEW,COPY_TO_BOTH_REFERENCE_CANDIDATE,MEDIUM,,,,,related_trust_types,"{""applies_to"": ""Entity address and responsible party changes"", ""body"": ""Form 8822-B is relevant when entity identification or address details change and must be maintained accurately."", ""category"": ""authority_and_notice"", ""created_at"": ""2026-04-13 02:11:23"", ""form_name"": ""Form 8822-B"", ""guide_id"": ""GUIDE-8822B"", ""related_trust_types"": ""other"", ""status"": ""published"", ""summary"": ""Change of address or responsible party update guide."", ""updated_at"": ""2026-04-13 02:11:23""}"
tax_form_guides,"{""guide_id"": ""GUIDE-K1""}",QUARANTINE_GLOBAL_POLICY_REVIEW,GLOBAL_REVIEW,COPY_TO_BOTH_REFERENCE_CANDIDATE,MEDIUM,,,,,related_trust_types,"{""applies_to"": ""Trust beneficiaries"", ""body"": ""Schedule K-1 is commonly associated with reporting beneficiary allocations and should be studied together with trust distribution workflow."", ""category"": ""supporting_forms"", ""created_at"": ""2026-04-13 02:11:23"", ""form_name"": ""Schedule K-1"", ""guide_id"": ""GUIDE-K1"", ""related_trust_types"": ""simple;complex;irrevocable;revocable;other"", ""status"": ""published"", ""summary"": ""Beneficiary allocation and reporting guide."", ""updated_at"": ""2026-04-13 02:11:23""}"
tax_form_guides,"{""guide_id"": ""GUIDE-TRUST-MINUTES-001""}",QUARANTINE_GLOBAL_POLICY_REVIEW,GLOBAL_REVIEW,COPY_TO_BOTH_REFERENCE_CANDIDATE,MEDIUM,,,,,related_trust_types,"{""applies_to"": ""Trustee decisions, approvals, executions, and archived governance records."", ""body"": ""Use trust minutes to record trustee decisions, approval, execution, signer capacity, and certificate generation."", ""category"": ""Governance"", ""created_at"": ""2026-05-01 18:05:20"", ""form_name"": ""Trust Minutes"", ""guide_id"": ""GUIDE-TRUST-MINUTES-001"", ""related_trust_types"": ""general, revocable, irrevocable, business"", ""status"": ""published"", ""summary"": ""Explains how trust minutes preserve decisions and connect to execution certificates."", ""updated_at"": ""2026-05-01 18:05:20""}"
tax_form_guides,"{""guide_id"": ""GUIDE-CERT-REGISTRY-001""}",QUARANTINE_GLOBAL_POLICY_REVIEW,GLOBAL_REVIEW,COPY_TO_BOTH_REFERENCE_CANDIDATE,MEDIUM,,,,,related_trust_types,"{""applies_to"": ""Executed or archived trust minutes with certificate IDs."", ""body"": ""The certificate registry lists certificate IDs, minute references, execution status, packet exports, and verification links."", ""category"": ""Governance"", ""created_at"": ""2026-05-01 18:05:20"", ""form_name"": ""Certificate Registry"", ""guide_id"": ""GUIDE-CERT-REGISTRY-001"", ""related_trust_types"": ""general"", ""status"": ""published"", ""summary"": ""Explains how the certificate registry indexes executed trust records."", ""updated_at"": ""2026-05-01 18:05:20""}"
tutorial_videos,"{""video_id"": ""VID-001""}",QUARANTINE_GLOBAL_POLICY_REVIEW,GLOBAL_REVIEW,COPY_TO_BOTH_REFERENCE_CANDIDATE,MEDIUM,,,,,trust_type,"{""category"": ""Foundations"", ""created_at"": ""2026-04-12 22:37:00"", ""description"": ""Starter overview explaining what a trust is and how the core roles fit together."", ""file_path"": """", ""thumbnail_path"": """", ""title"": ""Trust Basics Introduction"", ""transcript_notes"": ""Use this for beginning users who need a conceptual introduction before opening a workspace."", ""trust_type"": ""other"", ""updated_at"": ""2026-04-12 22:37:00"", ""video_id"": ""VID-001"", ""visibility"": ""internal""}"
tutorial_videos,"{""video_id"": ""VID-002""}",QUARANTINE_GLOBAL_POLICY_REVIEW,GLOBAL_REVIEW,COPY_TO_BOTH_REFERENCE_CANDIDATE,MEDIUM,,,,,trust_type,"{""category"": ""Trust Types"", ""created_at"": ""2026-04-12 22:37:00"", ""description"": ""Basic comparison video for revocable and irrevocable trust concepts."", ""file_path"": """", ""thumbnail_path"": """", ""title"": ""Revocable vs Irrevocable Overview"", ""transcript_notes"": ""Good companion to the trust types explorer and foundational article pages."", ""trust_type"": ""revocable"", ""updated_at"": ""2026-04-12 22:37:00"", ""video_id"": ""VID-002"", ""visibility"": ""internal""}"
tutorial_videos,"{""video_id"": ""VID-010""}",QUARANTINE_GLOBAL_POLICY_REVIEW,GLOBAL_REVIEW,COPY_TO_BOTH_REFERENCE_CANDIDATE,MEDIUM,,,,,trust_type,"{""category"": ""Trust Types"", ""created_at"": ""2026-04-13 02:11:23"", ""description"": ""Introduces the basic concepts behind land trust planning discussions."", ""file_path"": """", ""thumbnail_path"": """", ""title"": ""Land Trust Walkthrough"", ""transcript_notes"": ""Suggested companion to the Land Trust overview article."", ""trust_type"": ""land"", ""updated_at"": ""2026-04-13 02:11:23"", ""video_id"": ""VID-010"", ""visibility"": ""internal""}"
tutorial_videos,"{""video_id"": ""VID-011""}",QUARANTINE_GLOBAL_POLICY_REVIEW,GLOBAL_REVIEW,COPY_TO_BOTH_REFERENCE_CANDIDATE,MEDIUM,,,,,trust_type,"{""category"": ""Fiduciary Duties"", ""created_at"": ""2026-04-13 02:11:23"", ""description"": ""Explains practical fiduciary administration concepts inside the platform."", ""file_path"": """", ""thumbnail_path"": """", ""title"": ""Fiduciary Duties Walkthrough"", ""transcript_notes"": ""Suggested companion to the fiduciary duties article and fiduciary report screens."", ""trust_type"": ""other"", ""updated_at"": ""2026-04-13 02:11:23"", ""video_id"": ""VID-011"", ""visibility"": ""internal""}"
tutorial_videos,"{""video_id"": ""VID-012""}",QUARANTINE_GLOBAL_POLICY_REVIEW,GLOBAL_REVIEW,COPY_TO_BOTH_REFERENCE_CANDIDATE,MEDIUM,,,,,trust_type,"{""category"": ""Workspace"", ""created_at"": ""2026-04-13 02:11:23"", ""description"": ""Explains how to use the planning sandbox before creating formal records."", ""file_path"": """", ""thumbnail_path"": """", ""title"": ""How to Use the Workspace"", ""transcript_notes"": ""Suggested first video before using workspace, discussions, and execution tasks."", ""trust_type"": ""other"", ""updated_at"": ""2026-04-13 02:11:23"", ""video_id"": ""VID-012"", ""visibility"": ""internal""}"
user_permission_overrides,"{""id"": 2}",QUARANTINE_OWNERSHIP_REVIEW,UNRESOLVED_TENANT,QUARANTINE_TENANT_ADJUDICATION_REQUIRED,LOW,,,,,username,"{""created_at"": ""2026-04-28 19:26:59"", ""effect"": ""deny"", ""id"": 2, ""permission_name"": ""export_documents"", ""username"": ""trustee""}"
